frame_id,score_thr,gt_cars,pred_cars,matched_gt_cars,center_recall,mean_score,min_range_m,max_range_m
000001,0.1,1,7,1,1.0,0.2852861285209656,30.617387771606445,60.998741149902344
000001,0.3,1,3,1,1.0,0.4588285982608795,30.617387771606445,60.998741149902344
000001,0.5,1,1,1,1.0,0.5337331891059875,60.998741149902344,60.998741149902344
000001,0.7,1,0,0,0.0,nan,nan,nan
000004,0.1,2,8,2,1.0,0.42721036076545715,10.880616188049316,54.16810989379883
000004,0.3,2,3,2,1.0,0.8815581202507019,22.915597915649414,54.16810989379883
000004,0.5,2,3,2,1.0,0.8815581202507019,22.915597915649414,54.16810989379883
000004,0.7,2,3,2,1.0,0.8815581202507019,22.915597915649414,54.16810989379883
000008,0.1,6,10,6,1.0,0.8119271397590637,4.834085941314697,59.220272064208984
000008,0.3,6,10,6,1.0,0.8119271397590637,4.834085941314697,59.220272064208984
000008,0.5,6,9,6,1.0,0.853147566318512,4.834085941314697,59.220272064208984
000008,0.7,6,8,6,1.0,0.8871058225631714,4.834085941314697,59.220272064208984
000011,0.1,2,9,2,1.0,0.4962686002254486,2.9506635665893555,30.582897186279297
000011,0.3,2,6,2,1.0,0.6352834701538086,2.9506635665893555,30.00995445251465
000011,0.5,2,3,2,1.0,0.854991614818573,2.9506635665893555,27.386857986450195
000011,0.7,2,3,2,1.0,0.854991614818573,2.9506635665893555,27.386857986450195
000049,0.1,14,13,9,0.6428571428571429,0.8944485783576965,5.1820387840271,35.76036071777344
000049,0.3,14,13,9,0.6428571428571429,0.8944485783576965,5.1820387840271,35.76036071777344
000049,0.5,14,13,9,0.6428571428571429,0.8944485783576965,5.1820387840271,35.76036071777344
000049,0.7,14,13,9,0.6428571428571429,0.8944485783576965,5.1820387840271,35.76036071777344
