frame_id,score_thr,gt_cars,gt_cars_moderate,pred_cars,pred_cars_in_fov,pred_cars_outside_fov,matched_gt_cars,matched_gt_moderate,center_recall,center_recall_moderate,unmatched_pred_in_fov,mean_score,min_range_m,max_range_m
000001,0.1,1,0,7,5,2,1,0,1.0,nan,4,0.2309374362230301,6.85369348526001,61.14364242553711
000001,0.3,1,0,2,2,0,1,0,1.0,nan,1,0.46205934882164,30.490110397338867,61.14364242553711
000001,0.5,1,0,1,1,0,1,0,1.0,nan,0,0.501930296421051,61.14364242553711,61.14364242553711
000001,0.7,1,0,0,0,0,0,0,0.0,nan,0,nan,nan,nan
000004,0.1,2,1,7,4,3,2,1,1.0,1.0,2,0.4581846594810486,22.953948974609375,54.127803802490234
000004,0.3,2,1,3,2,1,2,1,1.0,1.0,0,0.8558270335197449,22.953948974609375,53.8642692565918
000004,0.5,2,1,3,2,1,2,1,1.0,1.0,0,0.8558270335197449,22.953948974609375,53.8642692565918
000004,0.7,2,1,2,1,1,1,1,0.5,1.0,0,0.9378095269203186,22.953948974609375,41.51803970336914
000008,0.1,6,4,11,11,0,6,4,1.0,1.0,5,0.6798983216285706,4.740708351135254,59.13900375366211
000008,0.3,6,4,10,10,0,6,4,1.0,1.0,4,0.7207505702972412,4.740708351135254,59.13900375366211
000008,0.5,6,4,7,7,0,6,4,1.0,1.0,1,0.8443158864974976,4.740708351135254,34.38906478881836
000008,0.7,6,4,6,6,0,6,4,1.0,1.0,0,0.8882843852043152,4.740708351135254,34.38906478881836
000011,0.1,2,1,8,3,5,2,1,1.0,1.0,2,0.36813604831695557,0.8393704891204834,30.029842376708984
000011,0.3,2,1,3,0,3,1,0,0.5,0.0,0,0.7032899856567383,3.0309860706329346,30.029842376708984
000011,0.5,2,1,2,0,2,1,0,0.5,0.0,0,0.864944577217102,3.0309860706329346,6.832243919372559
000011,0.7,2,1,2,0,2,1,0,0.5,0.0,0,0.864944577217102,3.0309860706329346,6.832243919372559
000049,0.1,14,5,15,11,4,11,5,0.7857142857142857,1.0,0,0.8263606429100037,5.134822368621826,35.768882751464844
000049,0.3,14,5,15,11,4,11,5,0.7857142857142857,1.0,0,0.8263606429100037,5.134822368621826,35.768882751464844
000049,0.5,14,5,15,11,4,11,5,0.7857142857142857,1.0,0,0.8263606429100037,5.134822368621826,35.768882751464844
000049,0.7,14,5,12,8,4,8,5,0.5714285714285714,1.0,0,0.8816834092140198,5.134822368621826,35.768882751464844
