frame_id,score_thr,distance_m,occluded,truncated,bbox_height_px,kitti_moderate,lidar_points_in_box,matched
000001,0.1,60.780926284485005,0,0.0,21.580000000000013,False,9,True
000004,0.1,41.35978360678401,0,0.0,30.49000000000001,True,77,True
000004,0.1,53.58041619845819,0,0.0,20.659999999999997,False,26,True
000008,0.1,4.564252403187186,3,0.88,181.63,False,6237,True
000008,0.1,7.946603047843777,1,0.0,193.10000000000002,True,1940,True
000008,0.1,7.2345421416977045,3,0.34,176.61,False,1041,True
000008,0.1,14.479589082567227,1,0.0,84.95999999999998,True,668,True
000008,0.1,33.98025308911045,0,0.0,39.599999999999994,True,53,True
000008,0.1,21.686677938310424,0,0.0,61.870000000000005,True,164,True
000011,0.1,27.09597940654665,0,0.0,54.78,True,208,True
000011,0.1,6.5780924286604545,0,0.98,156.88,False,3251,True
000049,0.1,21.55469786380686,0,0.0,50.19,True,206,True
000049,0.1,14.348257733955018,0,0.0,84.09,True,930,True
000049,0.1,22.289344988132783,2,0.0,52.599999999999994,False,140,True
000049,0.1,25.20128964953976,2,0.0,44.73000000000002,False,79,True
000049,0.1,32.78124006196227,2,0.0,32.33000000000001,False,18,False
000049,0.1,10.398389298348086,1,0.0,138.46,True,571,True
000049,0.1,15.44416070882455,1,0.0,78.23999999999998,True,432,True
000049,0.1,20.644311565174558,2,0.0,68.80000000000001,False,198,True
000049,0.1,33.246186247447994,2,0.0,40.72999999999999,False,74,False
000049,0.1,14.42238537829301,3,0.07,101.96000000000004,False,437,True
000049,0.1,19.022000420565657,1,0.0,66.85000000000002,True,312,True
000049,0.1,35.67424000592024,2,0.0,32.650000000000006,False,2,True
000049,0.1,23.202450301638404,2,0.0,53.22,False,8,False
000049,0.1,22.381387356462064,3,0.38,70.18,False,56,True
