repeat,latency_file_ms,latency_in_memory_ms
1,117.28450004011393,97.41990000475198
2,112.43870004545897,97.17019996605814
3,106.51690000668168,93.90810003969818
4,96.36110009159893,95.86370002944022
5,98.32660004030913,97.05460001714528
6,98.6902000149712,97.28650003671646
7,96.63680009543896,99.57910003140569
8,95.98350001033396,92.79479994438589
9,96.96310001891106,97.61249995790422
10,96.37679997831583,99.09120004158467
11,103.54170005302876,96.67669993359596
12,95.9018999710679,102.33519994653761
13,97.32019994407892,95.72330000810325
14,98.02269993815571,96.29270003642887
15,100.59239994734526,99.76230002939701
16,96.70120000373572,97.94879995752126
17,104.79230002965778,93.47949991934001
18,97.95170009601861,97.22610004246235
19,97.24759997334331,97.21799998078495
20,97.29619999416173,99.13390001747757
